KeyedFactory,AndroidX.Lifecycle.ViewModelProvider.KeyedFactory
ILifecycleEventObserver,AndroidX.Lifecycle.ILifecycleEventObserver
ValidationResult,AndroidX.Room.RoomOpenHelper.ValidationResult
DatabaseViewAttribute,AndroidX.Room.DatabaseViewAttribute
Fts3Attribute,AndroidX.Room.Fts3Attribute
Fts4Attribute,AndroidX.Room.Fts4Attribute
FtsOptions,AndroidX.Room.FtsOptions
IDatabaseView,AndroidX.Room.IDatabaseView
IFts3,AndroidX.Room.IFts3
IFts4,AndroidX.Room.IFts4
IJunction,AndroidX.Room.IJunction
IMultiInstanceInvalidationCallback,AndroidX.Room.IMultiInstanceInvalidationCallback
IMultiInstanceInvalidationService,AndroidX.Room.IMultiInstanceInvalidationService
JunctionAttribute,AndroidX.Room.JunctionAttribute
MultiInstanceInvalidationCallbackStub,AndroidX.Room.MultiInstanceInvalidationCallbackStub
MultiInstanceInvalidationService,AndroidX.Room.MultiInstanceInvalidationService
MultiInstanceInvalidationServiceStub,AndroidX.Room.MultiInstanceInvalidationServiceStub
CopyLock,AndroidX.Room.Util.CopyLock
CursorUtil,AndroidX.Room.Util.CursorUtil
DBUtil,AndroidX.Room.Util.DBUtil
FileUtil,AndroidX.Room.Util.FileUtil
FtsTableInfo,AndroidX.Room.Util.FtsTableInfo
SneakyThrow,AndroidX.Room.Util.SneakyThrow
ViewInfo,AndroidX.Room.Util.ViewInfo
IForce,AndroidX.DynamicAnimation.IForce
ContentViewAttribute,AndroidX.Annotations.ContentViewAttribute
IContentView,AndroidX.Annotations.IContentView
IInspectableProperty,AndroidX.Annotations.IInspectableProperty
IInspectablePropertyEnumEntry,AndroidX.Annotations.IInspectablePropertyEnumEntry
IInspectablePropertyFlagEntry,AndroidX.Annotations.IInspectablePropertyFlagEntry
InspectablePropertyAttribute,AndroidX.Annotations.InspectablePropertyAttribute
InspectablePropertyValueType,AndroidX.Annotations.InspectablePropertyValueType
CircularRevealWidgetCircularRevealProperty,Google.Android.Material.CircularReveal.CircularRevealWidgetCircularRevealProperty
CircularRevealWidgetCircularRevealScrimColorProperty,Google.Android.Material.CircularReveal.CircularRevealWidgetCircularRevealScrimColorProperty
NavigationMenuPresenter,Google.Android.Material.Internal.NavigationMenuPresenter
ActionBarDrawerToggle,AndroidX.Legacy.App.ActionBarDrawerToggle
ILayoutInflaterFactory,AndroidX.Core.View.ILayoutInflaterFactory
INestedScrollingChild3,AndroidX.Core.View.INestedScrollingChild3
INestedScrollingParent3,AndroidX.Core.View.INestedScrollingParent3
OneShotPreDrawListener,AndroidX.Core.View.OneShotPreDrawListener
VelocityTrackerCompat,AndroidX.Core.View.VelocityTrackerCompat
ResultWrapper,AndroidX.Media.MediaBrowserServiceCompat.ResultWrapper
AudioAttributesImplBase,AndroidX.Media.AudioAttributesImplBase
AudioFocusRequestCompat,AndroidX.Media.AudioFocusRequestCompat
AudioManagerCompat,AndroidX.Media.AudioManagerCompat
IAudioAttributesImpl,AndroidX.Media.IAudioAttributesImpl
IAudioAttributesImplBuilder,AndroidX.Media.IAudioAttributesImplBuilder
MessageCompat,AndroidX.Core.OS.MessageCompat
ITintableCompoundDrawablesView,AndroidX.Core.Widget.ITintableCompoundDrawablesView
DynamicGroupRouteController,AndroidX.MediaRouter.Media.MediaRouteProvider.DynamicGroupRouteController
MenuWrapperICS,AndroidX.AppCompat.View.Menu.MenuWrapperICS
AppCompatSpinnerISpinnerPopupExtensions,AndroidX.AppCompat.Widget.AppCompatSpinnerISpinnerPopupExtensions
AppCompatToggleButton,AndroidX.AppCompat.Widget.AppCompatToggleButton
ResourceManagerInternal,AndroidX.AppCompat.Widget.ResourceManagerInternal
TintInfo,AndroidX.AppCompat.Widget.TintInfo
IForceDark,AndroidX.WebKit.WebSettingsCompat.IForceDark
ProxyConfig,AndroidX.WebKit.ProxyConfig
ProxyController,AndroidX.WebKit.ProxyController
TracingConfig,AndroidX.WebKit.TracingConfig
TracingController,AndroidX.WebKit.TracingController
WebViewAssetLoader,AndroidX.WebKit.WebViewAssetLoader
WebViewRenderProcess,AndroidX.WebKit.WebViewRenderProcess
WebViewRenderProcessClient,AndroidX.WebKit.WebViewRenderProcessClient
AssetHelper,AndroidX.WebKit.Internal.AssetHelper
ProxyControllerImpl,AndroidX.WebKit.Internal.ProxyControllerImpl
TracingControllerImpl,AndroidX.WebKit.Internal.TracingControllerImpl
WebViewRenderProcessImpl,AndroidX.WebKit.Internal.WebViewRenderProcessImpl
IProvider,AndroidX.Work.Configuration.IProvider
DelegatingWorkerFactory,AndroidX.Work.DelegatingWorkerFactory
IIsomorphicObjectBoundaryInterface,AndroidX.WebKit.ChromiumLibBoundary.IIsomorphicObjectBoundaryInterface
IProxyControllerBoundaryInterface,AndroidX.WebKit.ChromiumLibBoundary.IProxyControllerBoundaryInterface
ITracingControllerBoundaryInterface,AndroidX.WebKit.ChromiumLibBoundary.ITracingControllerBoundaryInterface
IWebViewRendererBoundaryInterface,AndroidX.WebKit.ChromiumLibBoundary.IWebViewRendererBoundaryInterface
IWebViewRendererClientBoundaryInterface,AndroidX.WebKit.ChromiumLibBoundary.IWebViewRendererClientBoundaryInterface
RemoteActionCompatParcelizer,Android.Support.V4.App.RemoteActionCompatParcelizer
AudioAttributesCompatParcelizer,Android.Support.V4.Media.AudioAttributesCompatParcelizer
AudioAttributesImplBaseParcelizer,Android.Support.V4.Media.AudioAttributesImplBaseParcelizer
ComponentActivity,AndroidX.Activity.ComponentActivity
IOnBackPressedDispatcherOwner,AndroidX.Activity.IOnBackPressedDispatcherOwner
OnBackPressedCallback,AndroidX.Activity.OnBackPressedCallback
OnBackPressedDispatcher,AndroidX.Activity.OnBackPressedDispatcher
DrawableContainer,AndroidX.AppCompat.Graphics.Drawable.DrawableContainer
BiometricConstants,AndroidX.Biometric.BiometricConstants
BiometricConstantsConsts,AndroidX.Biometric.BiometricConstantsConsts
BiometricFragment,AndroidX.Biometric.BiometricFragment
BiometricManager,AndroidX.Biometric.BiometricManager
BiometricPrompt,AndroidX.Biometric.BiometricPrompt
DeviceCredentialHandlerActivity,AndroidX.Biometric.DeviceCredentialHandlerActivity
DeviceCredentialHandlerBridge,AndroidX.Biometric.DeviceCredentialHandlerBridge
FingerprintDialogFragment,AndroidX.Biometric.FingerprintDialogFragment
FingerprintHelperFragment,AndroidX.Biometric.FingerprintHelperFragment
CallbackToFutureAdapter,AndroidX.Concurrent.Futures.CallbackToFutureAdapter
Analyzer,AndroidX.ConstraintLayout.Solver.Widgets.Analyzer
ChainHead,AndroidX.ConstraintLayout.Solver.Widgets.ChainHead
ConstraintWidgetGroup,AndroidX.ConstraintLayout.Solver.Widgets.ConstraintWidgetGroup
ContentPager,AndroidX.ContentPager.Content.ContentPager
LoaderQueryRunner,AndroidX.ContentPager.Content.LoaderQueryRunner
Query,AndroidX.ContentPager.Content.Query
ComponentActivity,AndroidX.Core.App.ComponentActivity
DialogCompat,AndroidX.Core.App.DialogCompat
RemoteActionCompat,AndroidX.Core.App.RemoteActionCompat
RemoteActionCompatParcelizer,AndroidX.Core.App.RemoteActionCompatParcelizer
SharedPreferencesCompat,AndroidX.Core.Content.SharedPreferencesCompat
ActivityInfoCompat,AndroidX.Core.Content.PM.ActivityInfoCompat
ShortcutInfoCompatSaver,AndroidX.Core.Content.PM.ShortcutInfoCompatSaver
LocationManagerCompat,AndroidX.Core.Location.LocationManagerCompat
MbmsHelper,AndroidX.Core.Telephony.Mbms.MbmsHelper
ISupplier,AndroidX.Core.Util.ISupplier
AccessibilityClickableSpanCompat,AndroidX.Core.View.Accessibiity.AccessibilityClickableSpanCompat
AccessibilityViewCommandCommandArguments,AndroidX.Core.View.Accessibiity.AccessibilityViewCommandCommandArguments
AccessibilityViewCommandMoveAtGranularityArguments,AndroidX.Core.View.Accessibiity.AccessibilityViewCommandMoveAtGranularityArguments
AccessibilityViewCommandMoveHtmlArguments,AndroidX.Core.View.Accessibiity.AccessibilityViewCommandMoveHtmlArguments
AccessibilityViewCommandMoveWindowArguments,AndroidX.Core.View.Accessibiity.AccessibilityViewCommandMoveWindowArguments
AccessibilityViewCommandScrollToPositionArguments,AndroidX.Core.View.Accessibiity.AccessibilityViewCommandScrollToPositionArguments
AccessibilityViewCommandSetProgressArguments,AndroidX.Core.View.Accessibiity.AccessibilityViewCommandSetProgressArguments
AccessibilityViewCommandSetSelectionArguments,AndroidX.Core.View.Accessibiity.AccessibilityViewCommandSetSelectionArguments
AccessibilityViewCommandSetTextArguments,AndroidX.Core.View.Accessibiity.AccessibilityViewCommandSetTextArguments
IAccessibilityViewCommand,AndroidX.Core.View.Accessibiity.IAccessibilityViewCommand
FragmentFactory,AndroidX.Fragment.App.FragmentFactory
WakefulBroadcastReceiver,AndroidX.Legacy.Content.WakefulBroadcastReceiver
Space,AndroidX.Legacy.Widget.Space
BaseResult,AndroidX.Medai2.Common.BaseResult
BaseResultConsts,AndroidX.Medai2.Common.BaseResultConsts
BitmapEntryParcelizer,AndroidX.Medai2.Common.BitmapEntryParcelizer
CallbackMediaItem,AndroidX.Medai2.Common.CallbackMediaItem
CallbackMediaItemParcelizer,AndroidX.Medai2.Common.CallbackMediaItemParcelizer
DataSourceCallback,AndroidX.Medai2.Common.DataSourceCallback
FileMediaItem,AndroidX.Medai2.Common.FileMediaItem
FileMediaItemParcelizer,AndroidX.Medai2.Common.FileMediaItemParcelizer
IBaseResult,AndroidX.Medai2.Common.IBaseResult
IRating,AndroidX.Medai2.Common.IRating
MediaItem,AndroidX.Medai2.Common.MediaItem
MediaItemParcelizer,AndroidX.Medai2.Common.MediaItemParcelizer
MediaMetadata,AndroidX.Medai2.Common.MediaMetadata
MediaMetadataParcelizer,AndroidX.Medai2.Common.MediaMetadataParcelizer
MediaParcelUtils,AndroidX.Medai2.Common.MediaParcelUtils
ParcelImplListSlice,AndroidX.Medai2.Common.ParcelImplListSlice
SessionPlayer,AndroidX.Medai2.Common.SessionPlayer
SubtitleData,AndroidX.Medai2.Common.SubtitleData
SubtitleDataParcelizer,AndroidX.Medai2.Common.SubtitleDataParcelizer
TrackInfoParcelizer,AndroidX.Medai2.Common.TrackInfoParcelizer
UriMediaItem,AndroidX.Medai2.Common.UriMediaItem
UriMediaItemParcelizer,AndroidX.Medai2.Common.UriMediaItemParcelizer
VideoSize,AndroidX.Medai2.Common.VideoSize
VideoSizeParcelizer,AndroidX.Medai2.Common.VideoSizeParcelizer
CommandButtonParcelizer,AndroidX.Media2.Session.CommandButtonParcelizer
ConnectionRequestParcelizer,AndroidX.Media2.Session.ConnectionRequestParcelizer
ConnectionResultParcelizer,AndroidX.Media2.Session.ConnectionResultParcelizer
HeartRating,AndroidX.Media2.Session.HeartRating
HeartRatingParcelizer,AndroidX.Media2.Session.HeartRatingParcelizer
IMediaController,AndroidX.Media2.Session.IMediaController
IMediaSession,AndroidX.Media2.Session.IMediaSession
IMediaSessionService,AndroidX.Media2.Session.IMediaSessionService
IRemoteResult,AndroidX.Media2.Session.IRemoteResult
LibraryParamsParcelizer,AndroidX.Media2.Session.LibraryParamsParcelizer
LibraryResult,AndroidX.Media2.Session.LibraryResult
LibraryResultParcelizer,AndroidX.Media2.Session.LibraryResultParcelizer
MediaController,AndroidX.Media2.Session.MediaController
MediaControllerStub,AndroidX.Media2.Session.MediaControllerStub
MediaLibraryService,AndroidX.Media2.Session.MediaLibraryService
MediaNotificationHandler,AndroidX.Media2.Session.MediaNotificationHandler
MediaSession,AndroidX.Media2.Session.MediaSession
MediaSessionManager,AndroidX.Media2.Session.MediaSessionManager
MediaSessionService,AndroidX.Media2.Session.MediaSessionService
MediaSessionServiceStub,AndroidX.Media2.Session.MediaSessionServiceStub
MediaSessionStub,AndroidX.Media2.Session.MediaSessionStub
MediaUtils,AndroidX.Media2.Session.MediaUtils
PercentageRating,AndroidX.Media2.Session.PercentageRating
PercentageRatingParcelizer,AndroidX.Media2.Session.PercentageRatingParcelizer
PlaybackInfoParcelizer,AndroidX.Media2.Session.PlaybackInfoParcelizer
RemoteResult,AndroidX.Media2.Session.RemoteResult
RemoteResultConsts,AndroidX.Media2.Session.RemoteResultConsts
SessionCommand,AndroidX.Media2.Session.SessionCommand
SessionCommandGroup,AndroidX.Media2.Session.SessionCommandGroup
SessionCommandGroupParcelizer,AndroidX.Media2.Session.SessionCommandGroupParcelizer
SessionCommandParcelizer,AndroidX.Media2.Session.SessionCommandParcelizer
SessionResult,AndroidX.Media2.Session.SessionResult
SessionResultParcelizer,AndroidX.Media2.Session.SessionResultParcelizer
SessionToken,AndroidX.Media2.Session.SessionToken
SessionTokenImplBaseParcelizer,AndroidX.Media2.Session.SessionTokenImplBaseParcelizer
SessionTokenImplLegacyParcelizer,AndroidX.Media2.Session.SessionTokenImplLegacyParcelizer
SessionTokenParcelizer,AndroidX.Media2.Session.SessionTokenParcelizer
StarRating,AndroidX.Media2.Session.StarRating
StarRatingParcelizer,AndroidX.Media2.Session.StarRatingParcelizer
ThumbRating,AndroidX.Media2.Session.ThumbRating
ThumbRatingParcelizer,AndroidX.Media2.Session.ThumbRatingParcelizer
MediaControlView,AndroidX.Media2.Widget.MediaControlView
VideoView,AndroidX.Media2.Widget.VideoView
MediaRouteDynamicChooserDialog,AndroidX.MediaRouter.App.MediaRouteDynamicChooserDialog
MediaRouteDynamicControllerDialog,AndroidX.MediaRouter.App.MediaRouteDynamicControllerDialog
ActionOnlyNavDirections,AndroidX.Navigation.ActionOnlyNavDirections
ActivityNavigator,AndroidX.Navigation.ActivityNavigator
IFloatingWindow,AndroidX.Navigation.IFloatingWindow
INavArgs,AndroidX.Navigation.INavArgs
INavDirections,AndroidX.Navigation.INavDirections
INavHost,AndroidX.Navigation.INavHost
NavAction,AndroidX.Navigation.NavAction
NavArgument,AndroidX.Navigation.NavArgument
NavController,AndroidX.Navigation.NavController
NavDeepLinkBuilder,AndroidX.Navigation.NavDeepLinkBuilder
NavDestination,AndroidX.Navigation.NavDestination
NavGraph,AndroidX.Navigation.NavGraph
NavGraphNavigator,AndroidX.Navigation.NavGraphNavigator
NavHostController,AndroidX.Navigation.NavHostController
NavInflater,AndroidX.Navigation.NavInflater
NavOptions,AndroidX.Navigation.NavOptions
NavType,AndroidX.Navigation.NavType
Navigation,AndroidX.Navigation.Navigation
Navigator,AndroidX.Navigation.Navigator
NavigatorProvider,AndroidX.Navigation.NavigatorProvider
DialogFragmentNavigator,AndroidX.Navigation.Fragment.DialogFragmentNavigator
FragmentNavigator,AndroidX.Navigation.Fragment.FragmentNavigator
NavHostFragment,AndroidX.Navigation.Fragment.NavHostFragment
AppBarConfiguration,AndroidX.Navigation.UI.AppBarConfiguration
NavigationUI,AndroidX.Navigation.UI.NavigationUI
AsyncPagedListDiffer,AndroidX.Paging.AsyncPagedListDiffer
LivePagedListBuilder,AndroidX.Paging.LivePagedListBuilder
PagedList,AndroidX.Paging.PagedList
PagedListAdapter,AndroidX.Paging.PagedListAdapter
GuavaRoom,AndroidX.Room.Guava.GuavaRoom
ISavedStateRegistryOwner,AndroidX.SavedState.ISavedStateRegistryOwner
SavedStateRegistry,AndroidX.SavedState.SavedStateRegistry
SavedStateRegistryController,AndroidX.SavedState.SavedStateRegistryController
